worker ID,% correct,correct answers,total answers
A11WCFPJSR5VZP,100.00%,34,34
A14M2EERU7E8KD,100.00%,30,30
A10443E11ZWEHJ,80.00%,4,5
A107V1K6AZNU90,100.00%,7,7
A1A8KE9ZVB8JXV,100.00%,35,35
A10BH9PYCYUKDJ,0.00%,0,1
A10C6TR3F1WDT4,100.00%,2,2
A1FP3SH704X01V,100.00%,39,39
A10HOBBCSJUGEO,100.00%,3,3
A1MSX85QJB92B7,100.00%,13,13
A111ZFNLXK1TCO,100.00%,1,1
A1NM7ZPZ3NH412,100.00%,22,22
A1WYI780ASVKBE,100.00%,10,10
A121DO2TIST9HD,100.00%,1,1
A20NITCOBY4775,100.00%,10,10
A1229M6SMYZB3F,100.00%,4,4
A2ESBX4C2Q6TQY,100.0%,27,27
A2RBRNYX991X6O,100.00%,20,20
A132FBM1B7Y7IP,55.56%,5,9
A13H6YZM0D6VJX,100.00%,1,1
A2RCYLKY072XXO,98.84%,1103,1116
A13RSZ2S04QV8J,66.67%,4,6
A2UVJMJV1EOH9X,65.78%,148,225
A14CXV72D0O481,100.00%,2,2
A2WCZJI0MRRBL4,100.00%,14,14
A2YHSU2IJZ9J14,100.0%,146,146
A32UG2P47Y7M1A,100.00%,12,12
A15MK127K9F2DZ,100.00%,6,6
A3MBLDGXGT0A6F,100.00%,21,21
ALPB2XQ87MMZM,100.0%,14,14
AZOT2M2P3AQH1,100.00%,16,16
A1DXFMUVK5015A,96.82%,2220,2293
A3OD04EPT5ZW4V,97.87%,46,47
A18EH4D5TVGND5,75.00%,3,4
A17D6BK59S31BM,95.65%,44,46
A24R4CCATCC2XP,97.67%,42,43
A31CNXHGR49DJR,85.71%,120,140
APKZZ03P89DHY,97.22%,35,36
AV1UG6I2F2VZI,97.22%,105,108
A1A41ASXCSFKDX,100.00%,1,1
A1SGGLWPW4CJBD,96.88%,31,32
A1AR5OZLXIF9,100.00%,5,5
A1B4I8LO1BUHMU,100.00%,1,1
A1F7V70471JZLN,96.67%,58,60
A1Q8PPQQCWGY0D,95.45%,42,44
A1BDH3O29OKARK,28.57%,2,7
A1C6OI7KRP6FR9,100.00%,1,1
A3FNUU6B3Z33EM,98.62%,215,218
A1C9H2BVEW440S,100.00%,5,5
AU0EJF1W2CJ0Z,95.73%,448,468
A1D9FOXZ0UT0L2,66.67%,2,3
A1DPK8M0GKG9WF,100.00%,9,9
A1DZLZE63NE1ZI,96.15%,25,26
A1ZCMGFBELMP2P,96.15%,25,26
A1E26GWZPT770X,0.00%,0,1
A1EAV4RUAA766X,100.00%,9,9
A1EF7PCXWNTUXR,0.00%,0,1
A1ZJM4WFHQ96DC,96.23%,102,106
A1F3PHQIZ422H5,77.27%,17,22
AQYYBOOF0846O,94.89%,223,235
A1FE49NRQEN9C8,88.89%,8,9
A2ZMV9MIGJQUDC,95.83%,46,48
A1X9L77BP7R907,95.65%,22,23
A1G1TGBJSQLJIB,100.00%,1,1
A1GDVMNGJHJW28,100.00%,2,2
A3L51BD61W6FBV,95.45%,21,22
A1H8Y5D04A7T5E,88.89%,8,9
A1HD0BY6CLQ8XJ,66.67%,4,6
A1ZAEXZIGPAXOR,95.19%,178,187
A1I8JBKK1V1YKJ,100.00%,1,1
A1IOMFFEKCWOIT,100.00%,4,4
A220FKCB9PR1SF,95.00%,57,60
AXPAQGAKQP558,95.00%,19,20
A1K7HGC3MM9C7Q,66.67%,4,6
A1KEAHVVML6319,42.86%,3,7
A1OMG12GT83THT,94.81%,73,77
A1L00Q877QQVWP,100.00%,6,6
A1L6LWY2Y5ZHU2,100.00%,1,1
A1LFXFPUFT8R2N,100.00%,1,1
A3OTQSK7OTBML2,94.64%,106,112
ABS83QIWSMZ9,93.1%,459,493
A2Q7VV1TP1BH1R,94.55%,52,55
A1I1KLWY71Z0OD,96.15%,25,26
A1MNXQLEZKUDOX,50.00%,3,6
A1OMWAZ59NKDKD,96.0%,336,350
A2QVMCGDLTWV9,94.12%,16,17
AL47VVG5X8YF8,94.12%,64,68
A1NRY8C3CRE0DQ,80.00%,4,5
A2TC1ZFCTOCDA5,93.88%,46,49
A1O4Q0QVPVBF8M,100.00%,1,1
AWQ6Z3Y8Z9BE3,93.79%,136,145
A28URN0B675OIE,94.25%,689,731
A3BYUMQTYHXWZY,93.75%,15,16
A25C5KEEYPKO7L,93.33%,14,15
A1OZA32AA5Q40B,25.00%,1,4
A2Z8BRBGWPC6R,93.33%,98,105
A1P93UEIZKA5DC,100.00%,1,1
A1PKOEE8R99Q5W,87.50%,7,8
A1Q2PXYUSNBCD2,100.00%,1,1
A3LHYTO2IQVOYR,91.86%,395,430
A1QNONO0Y67D7J,50.00%,1,2
A32A1OEMNRXI3F,88.64%,78,88
A17XVGWZFF0AXL,92.86%,13,14
A1RQGFLPAFX8IB,87.50%,7,8
A1SDJYUV7DDTGR,100.00%,2,2
A1FW68HLKWGLGW,92.86%,26,28
A2WNW8A4MOR7T7,90.0%,36,40
A1SZUK2NNAJ2HY,100.00%,6,6
A1T79J0XQXDDGC,100.00%,2,2
A3EG6YEKPXRBJO,96.61%,57,59
A1TPFYIAYP3HWL,100.00%,1,1
A1TWYIAH4MOIXT,100.00%,1,1
A3L6BJPQ4ROWA1,92.86%,13,14
A38XLMYHN6VWBL,92.77%,77,83
A1UXQFP23OVEVQ,100.00%,1,1
A1WL8F8EUIG4XI,92.21%,71,77
A1P3GZVQFRPR37,92.47%,135,146
A1SRTUFFRPBK43,92.39%,85,92
A2VD3GXQPECH91,92.31%,12,13
A2Y6PZBVHJAMR6,92.31%,12,13
A34MRQ1OP87XC6,87.99%,271,308
A1WS884SI0SLO4,100.00%,2,2
A1WSI7A9JIJA1V,100.00%,1,1
A1WSYV316UVVPJ,100.00%,2,2
A1WV50OPFCJGKV,100.00%,3,3
A7PVOM63I6UH5,92.31%,60,65
A2ECHY8E6SX7KP,92.06%,58,63
A1XCX1KI3XRPRZ,33.33%,1,3
A1XJPUQ7PA2PFO,0.0%,0,2
A1XPNXTMCXVGDT,100.00%,7,7
A1XUFZ2OU48JTQ,100.00%,1,1
A1XVEKS9O73ERE,88.89%,8,9
A1Y57SOISBLN0F,100.00%,1,1
A29U0J1JQRXZCY,91.89%,34,37
A1YN6PLUWTSYQ0,91.87%,113,123
A14MCHQB6Z8MVT,87.14%,122,140
A1IYTA0UFXZPK8,96.0%,24,25
A2IT0L7IL6TCZ1,91.67%,22,24
AVYB173GADSMF,91.89%,68,74
A24MVIOAF7SBLP,80.97%,881,1088
A2AHTUEMS4ARNK,91.21%,83,91
A10PC8GMUCOY6S,90.91%,10,11
A1ZOZ094IXSOR7,100.00%,1,1
A21MJ14WF7R89D,90.91%,10,11
A20CPK8PYD2V28,0.00%,0,2
A23YSUEZJ2DX36,90.91%,10,11
A3DTPGXKABAFEJ,90.91%,10,11
A21JTY4NPNVRPB,100.00%,1,1
A3VMJIW0DP7007,88.89%,24,27
A21VFGQ9NQ1SY7,0.00%,0,1
A2EELTS09HUTSF,90.85%,139,153
A1ZWDUFNFILYJJ,90.62%,309,341
A225ZNPEGMTDVB,77.78%,7,9
A2KBTDHM44J7X4,90.48%,19,21
A22RHH2RPR3QIN,50.00%,2,4
A22SF4E1TDPAY6,0.00%,0,1
A2ZR1KZ46QOCDL,90.48%,19,21
A1LVKTQYZPUKTL,90.00%,9,10
A1M24593XO5Z3C,90.00%,18,20
A2VI55LKT5L4KB,90.00%,27,30
A2YE7NBCK14VAQ,90.00%,9,10
A24N3MXA2ILHA2,100.00%,3,3
A3JQWLETYDZE0S,90.00%,9,10
A255YXKBL4SRKR,83.33%,5,6
A3UNZ5NXOKME6X,90.00%,9,10
A25FH7PXC446RG,100.00%,1,1
A25OJ3H62OYX6B,100.00%,2,2
ACSS93E03ZUGX,90.00%,45,50
A2619IDLA264H9,100.00%,5,5
AHOTKNMJFS8TR,90.00%,27,30
A27C4HFS0EZHW8,0.00%,0,1
A27FNZLBPWTUVG,0.00%,0,1
A27G764Y5BCWZ9,75.00%,3,4
A27HQNB2EP050W,66.67%,2,3
A27KTIX29MYGVU,100.00%,1,1
A27TLMSTDJ4UN4,100.00%,8,8
A27TMC9IAWQSQZ,100.00%,6,6
ASFBR18FCV8Z1,90.00%,9,10
A2NWTA4NTUY037,90.15%,183,203
A28LRYYDZOKOW,100.00%,1,1
A3GE7CHWBLELVD,93.85%,290,309
A28PBIZ3X36QIQ,90.82%,999,1100
A299J4PKHAEU9H,100.00%,3,3
A299V42H14TK2J,83.33%,5,6
AQM940W1VBAG6,89.47%,34,38
A19ADGHMWIYPBA,89.29%,25,28
A2A4DJKCY4T6N5,100.00%,1,1
A2AEZ6B2ZP0E28,100.00%,6,6
A2CUFLOIO8ZAW4,88.89%,24,27
A2GSAUSKGBQP01,88.89%,16,18
A3B25KFLZ44GC9,88.89%,48,54
A3G7UW48LED0U9,71.24%,379,532
AGE47DIS49ODJ,88.76%,79,89
A2C8HCH53HHIDQ,88.89%,8,9
A2CFQSHT1TCCRB,0.00%,0,1
AE423D79TUQGC,88.61%,70,79
A2DCY0ANVT2BAW,100.00%,9,9
A2DHLFPCDUTK2O,100.00%,1,1
A2DVN8W1FXRZXB,100.00%,1,1
A2SN4E7PX1NCLY,88.24%,210,238
A2E9FE9O7CVB7G,66.67%,2,3
A1NSHNH3MNFRGW,88.24%,30,34
AHA28L276D6OX,88.24%,15,17
AMDW925P9IY2O,88.16%,134,152
A2EIIVAAENPBSA,37.50%,3,8
A1V9MN88VQ1LEB,88.57%,31,35
A1TLKBW8KT7L6F,92.26%,298,323
A22JC7TQU1W4YU,92.62%,301,325
A2ZMN2QR9T6E1Z,87.50%,21,24
A2F9NRNHP4CSG4,0.00%,0,1
A18HC62T1SROBJ,91.86%,553,602
A2G5GGLXD2KSZS,75.00%,3,4
A1OPL4Z5QBXXJD,84.85%,28,33
A2GY48EMRUEM4I,50.00%,1,2
A213ZOFUWN6AZX,86.67%,13,15
A2H5XRZTKYE4ZQ,100.00%,1,1
A2EJ2T45DR3ENC,86.67%,13,15
A2HM35CWB7IIFM,100.00%,3,3
A2I4VE1YFUQBOU,88.89%,8,9
A2IP5E5ITPEVPU,0.00%,0,1
A3O5XLC1STEMSE,86.67%,26,30
A2J37FCRL0S479,75.00%,3,4
A2J767UZS1B7AP,50.00%,1,2
A2JF6IARWXXBXO,40.00%,2,5
A2JMIAOV67CPHI,100.00%,1,1
A2KBEG9DCCEQA7,100.00%,6,6
AJ9XLHMGUO07E,86.67%,13,15
A2ZFTBJPSQX1GB,89.73%,428,477
A2KGFPC09E8R04,100.00%,3,3
A1Z0CY0BDFQ4DV,86.36%,19,22
A2LJU8LQM470RG,88.89%,8,9
A2LOW7DDQA7MET,100.00%,1,1
A10283W49EB612,92.13%,808,877
A2LZDQ00ZUW0N,66.67%,4,6
A188SHJZPHE8BA,85.71%,12,14
A2M7YHOR0VP53V,100.00%,2,2
A2MHY77ZO06FEE,88.89%,8,9
A2MLI1162WIS7N,100.00%,5,5
A2MPA5OAT635HG,100.00%,1,1
A31681CCEVDIH3,96.33%,105,109
A2NGMLBFZ3YQP5,100.00%,1,1
ALDHDBRTUI1NI,92.34%,434,470
A2O1NNUY4V2ZYI,100.00%,9,9
A2OLSZ6DD9I239,80.00%,4,5
A2OPU19P5PT5OR,50.00%,1,2
A2OUNJEWVCWVUH,50.00%,1,2
A1VAGO1PMX7DS3,85.22%,98,115
A2P1KI42CJVNIA,100.00%,1,1
A2PBRI6BOYDN94,25.00%,1,4
A1YJ3JY8236Q0,84.62%,121,143
A2Q33J8W70XAFD,88.89%,8,9
A2Q4ILF5IEPAE3,100.00%,1,1
A2KCZ1WBKRYY0G,84.62%,11,13
A3U6CLX7HD0SMF,95.39%,145,152
A2QRDG19QUXBKM,100.00%,4,4
A3UE49REX108ZE,84.62%,55,65
A2R5RFE5X2Y6TH,100.00%,2,2
A1C8FN01981A69,84.26%,91,108
A2LZE5V1MGC3OH,84.00%,210,250
A8WWSKUYQ4X5N,83.78%,62,74
A2S1UCI8AYWR34,100.00%,1,1
A2SBVER8Z7E7S0,100.00%,2,2
A2SLEMDA17XTZ1,75.00%,3,4
A1BCQU4CUONYIX,83.64%,46,55
A2SY6V1Z31E653,100.00%,1,1
A10CLUSRQDKJBH,96.4%,3851,3995
A2TZC0KZTG7U7T,100.00%,1,1
A2U8M9OKOOOA9E,88.89%,8,9
A18UZGVR3SOASW,83.33%,25,30
A2EN7IXP9RG0O2,87.5%,14,16
A6K5QFZP9UUOI,83.33%,10,12
A2VE5IV9OD2SK1,100.00%,1,1
ANI5XBEF5MFOO,83.33%,10,12
ARMFGI3LBQ0KT,92.92%,223,240
A4X8IM32OZRYU,82.86%,29,35
A2VMP1KLOXRHBV,100.00%,4,4
A2VOD1NF6WA0NP,100.00%,2,2
A191V8LNTTLHSA,77.42%,24,31
A2W7A2CP6GMPL4,0.00%,0,1
A3LUPHNAFZBPSD,83.64%,92,110
A2WDPK69XZC9H,28.57%,2,7
A2WEA21IRBM64T,100.00%,4,4
AD8FN7L0ZV67G,93.56%,770,823
ANP4Z5Y8BBDTY,85.5%,112,131
A2WQUSBJSFK3UD,66.67%,2,3
A3PVHICLVK2UFJ,59.68%,37,62
A2XKRQ2IM5XS9A,80.00%,4,5
A2Y3KZTEYVI4PV,100.00%,6,6
A3HZT1JQU1PFB8,81.93%,68,83
A121J8X8AKJKBK,86.21%,25,29
A2B2GZO75H4M1O,81.82%,9,11
A2E1GWCDFUAZA3,81.82%,9,11
A2YJ2IMBJ9Y6QS,83.33%,5,6
AHTYHYDD65MC7,81.82%,9,11
AR2QQIHXOI5EX,81.82%,45,55
A1M56SWPFNJHDK,81.63%,40,49
A3NMOHKHT2RJI,81.36%,48,59
A19KNY14SR75GI,81.25%,13,16
A2ZU1P6UYE1UBU,100.00%,1,1
A308VDNYF180ZF,50.00%,1,2
A30BM2XZJR61S1,0.00%,0,2
A30BPQ2QGZOXN8,100.00%,7,7
AOH1ZTM5CE2L5,77.15%,466,604
A3C8SBXXN9CYM0,81.01%,64,79
A31AGR8JS1MZI5,0.00%,0,8
A2N60SO0ZII36H,80.77%,21,26
A31D599BJCZ7UA,50.00%,1,2
A31II500URVVD3,100.00%,1,1
A31PUL91ZMCDBU,0.00%,0,1
A3233LOT04DGSG,100.00%,3,3
A3245K38N1UMJX,0.00%,0,1
A1J7IQ637021DW,80.65%,25,31
A1U3ZD99TG1UPO,80.65%,75,93
A32LKID224C6YY,66.67%,2,3
A32SGPUD1N42K9,100.00%,2,2
AF1HT6VL272QZ,80.65%,50,62
A32Y9JC775LYLV,100.00%,2,2
A33JXCASTTXV5J,28.57%,2,7
A33OCPETN5JEZV,80.00%,4,5
A33SLNJSOTIAQJ,100.00%,1,1
A33UQADFRXM0N,60.00%,3,5
A3485IQYNO94GA,50.00%,1,2
A34HKFZ7LF12EC,83.33%,5,6
A1B99KYSK4AHSM,80.36%,45,56
A34PPZ6BNR662H,100.00%,3,3
A074332538R4YYDPXNF01,80.00%,8,10
A34UER5ZQ5APMB,50.00%,1,2
A35ILNV4D9WDL7,50.00%,3,6
A12Q6033OGVFCZ,80.00%,12,15
A369NZY2KW3LNH,100.00%,5,5
A36H3PO6JZD414,100.00%,3,3
A36J5UBVA9EBB5,66.67%,4,6
A28ALJPGVPOPH8,80.00%,16,20
A3M6VG8TZJYOH9,80.00%,8,10
A37FVCKAUOBI15,100.00%,4,4
AD4G0GILSZHLD,80.00%,8,10
A37XF6E4PP2TIC,33.33%,3,9
AME6OZNVF0TTC,80.00%,16,20
A28AZTW9BRRPBL,81.67%,98,120
A1KX9ALTWCI02W,66.41%,174,262
A3915O1A65S4JB,0.00%,0,1
A3MK12K0EAQITB,79.21%,80,101
A39GSVYJXDV1DB,75.00%,3,4
A39KHMYFO61LKN,100.00%,8,8
A37STRL9Z7ZDSD,78.95%,15,19
A3B6IB4CV9Z9FE,66.67%,2,3
A3BBDCU69807T2,50.00%,1,2
A30IQJWYKWSVWF,78.57%,11,14
A3C2PSZEKN8OWD,100.00%,1,1
A1OFOVU6TCQ2K3,78.48%,62,79
A3CAF7LTD3ORSG,0.00%,0,1
A3CQ41B74ODWUP,50.00%,1,2
A1QUOTZEN3BNVF,78.38%,29,37
A3D9PVUVTFQMR2,75.00%,3,4
A3DDQI77HN5UUV,100.00%,3,3
A3DLAB55ISJ7S1,100.00%,9,9
A3DLUZLHN9QPHJ,20.00%,1,5
A3I9FTHSULHPYS,78.38%,29,37
A3DS9DP2JE8I4Z,85.71%,6,7
A38Y9FQY3YLIBS,78.43%,40,51
A3E89VO2G5SMV3,100.00%,1,1
A3OWGVIP4VYSPV,77.27%,17,22
A3DP6Z2INXRVGU,77.05%,47,61
A3EL0EEIRKNWZW,50.00%,4,8
A2GYV3WYNPARF0,89.83%,53,59
A3FMVGPLM6G2R8,100.00%,1,1
A36JA3OXQQHXP7,76.92%,10,13
A3PL943FBIA88A,76.92%,10,13
A3FY6THWKRYN9M,100.00%,1,1
AQZ4PDOPFGPKJ,76.92%,10,13
ASLY4WV7FCUDE,76.39%,55,72
A2W2ZEI7WUASOW,76.19%,16,21
A3HPTQGQWN36VX,100.00%,6,6
A3HYG1MOEFUG1Z,100.00%,2,2
A129BSU2ZO1R0U,75.00%,15,20
A2OZTBCBOCHF9E,75.0%,93,124
A3IM1NBW1G1TCU,100.00%,2,2
A3IO5TF7HYF5OF,100.00%,1,1
A13KMWHXNI4C12,74.47%,35,47
A3IX1RJUNN7R1S,96.43%,135,140
A2RAPGB2VBAP0N,74.42%,32,43
A1YDCP0E4AYTBQ,73.68%,294,399
A2390NCYTC6A6T,73.68%,14,19
AWDSIX3ULD32V,73.53%,75,102
A3KQEFX15OV461,85.71%,18,21
APWOQAJL9QKWR,73.33%,11,15
A2HC0S3OOWRXOD,93.25%,152,163
A32EN96BQHYUJQ,72.73%,8,11
AVHC83KXLJUOW,71.99%,496,689
A3LJVOLPL3C37F,0.00%,0,1
A3LOAK3P1D1VOO,100.00%,3,3
A1CBGORBVB8A44,78.12%,100,128
A3M5H73W6N4LLR,100.00%,1,1
A2WL0SX0RJPGKF,71.43%,10,14
A3NND5DLB35WTX,71.43%,10,14
A2QG1N2LFV0VXW,71.15%,37,52
A3MQ8BS6EYO2WW,100.00%,1,1
A3NCHABKJO4243,100.00%,7,7
A1GTQ27CGTJ46K,70.59%,12,17
A3NIY31X56M0JD,100.00%,5,5
A65J30QXK01EM,70.59%,12,17
A3NN1C7GLRMOJ1,66.67%,2,3
A38R689MVZST8Q,70.45%,31,44
A3NNR4TEM6TOX6,100.00%,1,1
A2LPVNBL9LHJ8H,70.37%,19,27
A3O81LHBBI8NPK,100.00%,4,4
A3O8YXPG1HGUH0,0.00%,0,1
A1NEZMO00U0SLR,70.00%,7,10
A2L746JBCNW066,70.00%,7,10
A3QZMGTVA4VO44,92.18%,1462,1586
A3P8FYNGSVNTOF,80.00%,4,5
A2PD2K72QJHQPO,79.71%,271,340
A2VKACLXTMOQWO,69.62%,55,79
A3PXURNCJX30LD,0.00%,0,2
A3ER6R66WYYS9R,69.23%,9,13
AKXY2ATEM5DC2,69.23%,81,117
A25UOFK73TIWCT,67.57%,25,37
A3RPXTPL3J2ZBR,100.00%,3,3
A3S104I5V53HB8,75.00%,3,4
A3S3VYJ2EEH2KH,50.00%,1,2
A3SGRHMVBSZEGT,100.00%,1,1
A3T2FWNHA5RID5,100.00%,3,3
A3TTTNM24VLZ3G,100.00%,1,1
A3TZNS3TG01U9B,0.00%,0,1
A2UHF7UL7G0Y78,67.21%,41,61
A11DV053R2UV8J,66.67%,16,24
A3QZLCJSDM0BJT,66.67%,16,24
A3UUH3632AI3ZX,40.00%,2,5
A3V8C77FN4FLUA,66.67%,4,6
A9AHVN33RO4QC,66.67%,8,12
A4KSSWL5Z1V2L,100.00%,4,4
A4PRXDCEFH48W,0.00%,0,2
A4TQSZDPARE7I,42.86%,3,7
A4WZ08IPQ5Y9E,83.33%,5,6
ACAJFF4MF5S5X,66.67%,12,18
A61CJY3SJ28B6,100.00%,2,2
A9ADJ4VENB2JX,76.25%,61,80
A681XM15AN28F,100.00%,1,1
A6A1GVJ06619H,75.00%,6,8
AVQND8233HQWK,66.04%,70,106
A7150GR6HHY5D,20.00%,1,5
A7EHYA5OOK4YZ,85.71%,6,7
A3QQJISUKWNE0,79.45%,58,73
A3L9RAQTK0NF0E,67.38%,95,141
A8AXYQ2YRKUTH,100.00%,2,2
A1521BEPKSCEM9,63.42%,553,872
AH0M5S28750VC,62.73%,69,110
A93K6KW0M0X19,100.00%,3,3
A1EN9IMH5K6QQ6,61.54%,32,52
A8OMHHNDCZCPR,61.54%,8,13
A9ALF1SODWQE5,42.86%,3,7
A9MYC5IGQ2DO4,100.00%,2,2
A9N7QYMG6KIHD,100.00%,1,1
A9Y1HKUEOOEPM,100.00%,1,1
AAE1COF4E8740,100.00%,1,1
AAVNBIDLPQ6YD,100.00%,7,7
AAXVPAK0I9PT6,100.00%,3,3
ABI338QGB7EIP,0.00%,0,2
ABKIX30NGFIUL,50.00%,4,8
ABL0RK9IU8ACU,100.00%,3,3
ABNCDY0BRX2MI,100.00%,1,1
ANGLP2U1QLR4Q,61.54%,8,13
A16G1I2KYLB07B,61.11%,11,18
A1WA4R8IYVJ530,60.71%,51,84
AMZZYD7NQULSK,60.54%,112,185
A1UVDNSYWD7L0T,60.00%,9,15
ADCYJWCFMCYE5,66.67%,2,3
ADIDOPT6H046F,100.00%,1,1
A23EZQCJD01EEW,60.00%,21,35
ADNNIWNXK5TKB,77.78%,7,9
A1QWBLJIMF1A5V,59.04%,49,83
ADV0E1I68KUQR,100.00%,1,1
AE03LUY7RH400,50.00%,4,8
AE3MRQDW97WW2,66.67%,2,3
A2F6ZON8X5EAGL,58.82%,20,34
AEDA6BS6YH350,100.00%,2,2
AEF601SQFOSBL,100.00%,1,1
AENJ7GDYBENYX,100.00%,2,2
AEQ20U2CGY47J,50.00%,1,2
AF09UGIC6B81Y,100.00%,1,1
A3K0GYICW2CXM3,58.82%,10,17
AFEQQ8ZKHVZFW,100.00%,1,1
AFG3FXABPGSZS,28.57%,2,7
AFWU4PL6TD8NW,58.82%,10,17
A3683MQHQTG64Z,58.51%,55,94
A2BKBO3CAE40JN,58.33%,7,12
AH2F8PH6RMGJI,100.00%,1,1
AH4SMMFHDHK1L,0.00%,0,5
AH5GP84SZ6DHL,33.33%,2,6
AH7BPL710ZDFH,100.00%,1,1
AH7N3APJXCV1E,0.00%,0,6
AH9NHR1PJODG1,100.00%,7,7
A3CXANJM0YYI84,57.89%,11,19
AHFGWXN0A2PJM,0.00%,0,1
A3IR0FAD3DSHNC,57.38%,35,61
A3JG7BKD0SG4VP,55.74%,34,61
AI9WYG457WDW2,50.00%,1,2
A397AEZIVPRASQ,55.56%,10,18
AIN4DGDWBU0R0,0.00%,0,1
AIWX8CTWASWI7,100.00%,4,4
A2BQNCW8CWJX9F,55.13%,43,78
AJ7736S2PQ65E,100.00%,1,1
A2EDGL9NBR4G4N,54.55%,6,11
AJBQ5XEHIF9Z1,50.00%,1,2
AJFS39RTZY3LC,50.00%,3,6
AJL27G381RLSW,0.00%,0,1
AKSJ3C5O3V9RB,88.89%,8,9
AKWH1P9W1KL35,33.33%,1,3
A3FOEV1Y6JXQHZ,53.85%,7,13
A7JIY8AH7GTEF,53.33%,8,15
A1ZKU2V6PQEARN,52.94%,27,51
A1VSFVHC6N3FSB,52.86%,37,70
ALUVGI267N5EE,100.00%,2,2
AMC42JMQA8A5U,62.50%,5,8
AICSX0AQNJD8,50.33%,301,598
A273GB71FE8RIV,50.48%,105,208
AUA23POINITEN,50.30%,84,167
A34TABV7J62HG5,50.00%,7,14
AMG9Y1YLBTKIV,100.00%,1,1
AMGGLXGMFWEN2,100.00%,1,1
AMVMPU4N4CVZJ,57.14%,4,7
AMFN57BJVYPPE,48.68%,37,76
ADUACF4TW5833,48.65%,36,74
A142WBUBDFYKA6,48.00%,12,25
ANNC7HPWVXLEC,88.89%,8,9
A29V4UUD27Y2Z1,47.83%,11,23
ADJMZSRMFT3RG,47.37%,9,19
AOT9EKFR48ETV,100.00%,2,2
A1VHDSMEYZDNPL,46.15%,6,13
APL21ZIGWMI6T,100.00%,2,2
A1MMYU018LRNIC,44.86%,48,107
AQB9Q079197IQ,66.67%,6,9
AQFCUJXQPQWZJ,75.00%,3,4
A21XN58LPXFXV,42.11%,8,19
AQOJQIXBOSTHI,33.33%,2,6
A3HCEK0YKU186K,41.67%,5,12
A2YANUCFN0R5P6,40.00%,8,20
A2BBBAM4FR9CAG,39.96%,203,508
AREAQ1D0LRK72,100.00%,2,2
AMD5AS2ZWVTTK,37.50%,63,168
ARN9ET3E608LJ,33.33%,1,3
A2X7BE2FSPUKCK,34.86%,236,677
A10AY39RH8ZB7I,34.78%,40,115
ASY5AZCZEM04L,66.67%,2,3
ASYK1V04UMUN2,80.00%,4,5
ATCTML9QUFD13,100.00%,5,5
ATIGCUKIPNWG0,100.00%,2,2
ATP43ZVI1RP0C,100.00%,1,1
A241K3CXIR4129,64.06%,41,64
ATQA5XDT6FQGZ,50.00%,1,2
ATUCZB2W7VVI7,50.00%,4,8
A3EK1EVZ7RYT38,25.81%,8,31
AU3EIPG4ZRRMZ,100.00%,1,1
AU9YG2G2X2QZ4,80.00%,4,5
A15UR9T6I32Y2D,23.53%,4,17
ATPYFDGN0ZG4A,20.59%,7,34
A2FW2B5TJJNALN,20.00%,2,10
AIXTI8PKSX1D2,18.18%,16,88
A2VI8XH6A1PB27,17.93%,78,435
AW2L0ANN5JQTK,100.00%,1,1
AW8DRG5FEA286,100.00%,1,1
A3K4GDZNH00ZN9,15.38%,2,13
AWIPMIAD5U5MP,100.00%,2,2
A3NHWKQ0PFUFXE,7.89%,3,38
AX4CAGEVALTMX,57.14%,4,7
A377TAR5S3BU74,4.76%,2,42
AXQWKUJF7SQXP,66.67%,2,3
AXU3WT0MOPJ94,100.00%,2,2
AY5QPUSEADPBG,83.33%,5,6
AYD3RXE17K2CF,100.00%,1,1
AYMA9R47TWK1H,50.00%,2,4
AYURGEJ4ULLLJ,57.14%,4,7
AZ46J3BUZUY9F,100.00%,1,1
AZBH4LJ5SL456,100.00%,1,1
A1YQH72YL8YOXN,0.00%,0,55
AVV6ZJ8LOFG6K,96.55%,28,29
A3SQJRIUQ742SQ,86.11%,62,72
A1X3P33ODFD8OI,18.75%,3,16
A3MGV2ZJ0RM6PB,93.62%,44,47
A2EO6IBGQEOMLB,100.0%,17,17
A1BD4UJ0NT6K88,50.0%,2,4
A2NS77UGEJ2KJV,93.75%,90,96
A26EDUAQ0P577M,100.0%,2,2
A3VB581CC2W9KH,94.87%,37,39
A1CBJPICZAM1QD,90.0%,9,10
A2TOKOZCAG8UUG,93.55%,29,31
A2NLVHEGUGGIY,100.0%,3,3
ANVES7K87OEFI,100.0%,7,7
A1PIWJSP8Q5UW7,92.86%,13,14
A2GJ7RQ5RYAI4N,80.0%,8,10
AECQ7QG4CQP69,14.29%,6,42
A36KU3NJGWSPJ3,86.67%,13,15
AKMQH2MGTUWO9,46.15%,6,13
A3HTAMWEB4H80I,0.0%,0,1
A1F38N4ESNSGLV,100.0%,1,1
A1BZNPQ0H7ZSER,100.0%,2,2
A3O0HVOQ475PN1,100.0%,2,2
A10VJJ27GNLOD7,100.0%,16,16
A2RMQFCSUFD6F6,88.64%,39,44
A3N55G6T8NSP5I,100.0%,16,16
A5JSL6U9KQENL,91.3%,21,23
AHTX8TH1I8LV9,89.72%,96,107
A3VTFBWNV4O0HS,75.0%,12,16
A1X3G033DSTPDY,30.43%,7,23
A2T2OXP4DAUXEY,86.36%,19,22
AFHERLS1CHM25,0.0%,0,3
AMUC93QAVGKV4,94.74%,18,19
A9HVFM0YUY00Q,91.11%,41,45
A2D25L9M5DJWVF,100.0%,4,4
A383I2LLYX9LJM,100.0%,2,2
AZ4ZQMOFA3GND,0.0%,0,1
A20F1SLHKHBUT3,66.67%,10,15
A2SJKQXUUNQ87H,75.0%,6,8
A2SY89U2BZADGD,25.0%,1,4
A2C27YTQSQ1GXS,100.0%,1,1
A1IHFGSOFAE7MK,0.0%,0,2
A3OLBTF5H7O3QK,100.0%,1,1
A2KIVVT37XTC6C,100.0%,1,1
A3SGWAX9FUSPRF,0.0%,0,1
